{"experiment_start": 3.526170177204156e-07, "timestamp_start": "2018-04-20 17:45:43.265372", "epoch_start": 1524242743.2653723, "breathing_begin": 17.27205037627762, "breathing_end": 337.2846479718527, "pvt_begin": 359.23217080204154, "pvt_0": "1.6316262908427461", "pvt_begin_0": 369.24897229770187, "pvt_end_0": 370.8805985885446, "pvt_1": "0.9503007470543707", "pvt_begin_1": 375.89040698350954, "pvt_end_1": 376.8407077305639, "pvt_2": "0.6130535999024005", "pvt_begin_2": 379.8595353636081, "pvt_end_2": 380.4725889635105, "pvt_3": "0.6508090092237353", "pvt_begin_3": 387.4779060755207, "pvt_end_3": 388.12871508474444, "pvt_4": "0.48931923053322635", "pvt_begin_4": 392.1346404611102, "pvt_end_4": 392.62395969164345, "pvt_end": 392.62765018135093, "pvt_errors": 0, "signature_begin": 413.97595610341267, "signature_begin_0": 421.9199897882112, "signature_end_0": 443.2878751227989, "signature_begin_1": 444.4959985020829, "signature_end_1": 466.6879529806364, "signature_begin_2": 469.4720057349632, "signature_end_2": 491.6476636654257, "signature_begin_3": 493.51997328573475, "signature_end_3": 517.2479387772229, "signature_begin_4": 519.6559699118951, "signature_end_4": 546.623970975388, "signature_end": 546.625603239563, "transcription_begin": 570.1039737116961, "transcription_end": 926.7119066072671, "drawing_begin_0": 982.1759181618216, "drawing_end_0": 1051.4151430673026, "drawing_begin_1": 1051.4152640149396, "drawing_end_1": 1093.5518625583493, "drawing_begin_2": 1093.5520526189218, "drawing_end_2": 1143.727245447538, "drawing_end": 1143.7274298662383, "tma_begin": 1215.9358603749447, "tma_end": 1287.4638655711092, "tmb_begin": 1365.4322132571303, "tmb_end": 1487.16780726518, "tapping_begin": 1512.2477850362031, "tapping_0": 1514.5523174343023, "tapping_1": 1514.8797840432337, "tapping_2": 1515.287775332183, "tapping_3": 1515.5677691120186, "tapping_4": 1515.943764638014, "tapping_5": 1516.2237764013178, "tapping_6": 1516.4322146675986, "tapping_7": 1516.6637694477101, "tapping_8": 1516.8876981795793, "tapping_9": 1517.120208904426, "tapping_10": 1517.319774621307, "tapping_11": 1517.5596811354833, "tapping_12": 1517.7517681980353, "tapping_13": 1517.983765865121, "tapping_14": 1518.2957786806342, "tapping_15": 1518.5677652332315, "tapping_16": 1518.8077637804492, "tapping_17": 1519.0638487160156, "tapping_18": 1519.263025143709, "tapping_19": 1519.4637160614936, "tapping_20": 1519.6634644339897, "tapping_21": 1519.9035585404195, "tapping_22": 1520.1277559664563, "tapping_23": 1520.383789067321, "tapping_24": 1520.6797789655486, "tapping_25": 1520.9357736311583, "tapping_26": 1521.3677696762059, "tapping_27": 1521.5911130638258, "tapping_28": 1521.7355192532418, "tapping_29": 1521.9197641133198, "tapping_30": 1522.1037663728896, "tapping_31": 1522.5037909855575, "tapping_32": 1522.735620806943, "tapping_33": 1522.9917642769342, "tapping_34": 1523.4797573148637, "tapping_35": 1523.7597359321678, "tapping_36": 1524.0077685055173, "tapping_37": 1524.7437814225839, "tapping_38": 1524.9917692135723, "tapping_39": 1525.2877605222682, "tapping_40": 1525.8317808781433, "tapping_41": 1526.2237714646794, "tapping_42": 1526.471781823157, "tapping_43": 1526.7357717270265, "tapping_44": 1527.1357614306096, "tapping_45": 1527.3515277837528, "tapping_46": 1527.5357624179371, "tapping_47": 1527.7677731318527, "tapping_48": 1527.9997849036192, "tapping_49": 1528.1997681190492, "tapping_50": 1528.4476702241022, "tapping_51": 1528.6800162768016, "tapping_52": 1528.9034583971863, "tapping_53": 1529.1517653065757, "tapping_54": 1529.6157588776623, "tapping_55": 1529.8712983147022, "tapping_56": 1530.1117598480644, "tapping_57": 1530.3437638622565, "tapping_58": 1530.575717452215, "tapping_59": 1530.8237098272248, "tapping_60": 1531.0797605589403, "tapping_61": 1531.2797406008171, "tapping_62": 1531.543758361431, "tapping_63": 1531.767760085023, "tapping_64": 1532.2157631795899, "tapping_65": 1532.8081308547648, "tapping_66": 1533.1277616083285, "tapping_67": 1533.3357601611883, "tapping_68": 1533.5677574756571, "tapping_69": 1533.7755215382, "tapping_70": 1533.9757529960104, "tapping_71": 1534.1917827540658, "tapping_72": 1534.423785005173, "tapping_73": 1534.6637729738802, "tapping_74": 1534.9437607592267, "tapping_75": 1535.159767597176, "tapping_76": 1535.3996825741606, "tapping_77": 1535.6397586971225, "tapping_78": 1535.8877598875574, "tapping_79": 1536.1116794513844, "tapping_80": 1536.3689890258531, "tapping_81": 1536.5917833887765, "tapping_82": 1536.8236805600122, "tapping_83": 1537.0714320975987, "tapping_84": 1537.3357608664223, "tapping_85": 1537.7677921731715, "tapping_86": 1538.0157573966708, "tapping_87": 1538.2557654645482, "tapping_88": 1538.4877864043572, "tapping_89": 1538.7277578000646, "tapping_90": 1538.9837584601637, "tapping_91": 1539.2397665252201, "tapping_92": 1539.4877666578043, "tapping_93": 1539.7117595659709, "tapping_94": 1539.9277635829837, "tapping_95": 1540.1514807446424, "tapping_96": 1540.3437659779586, "tapping_97": 1540.6078041903595, "tapping_98": 1540.839473571002, "tapping_99": 1541.0637595039102, "tapping_100": 1541.3197524064349, "tapping_101": 1541.5677532442528, "tapping_102": 1541.831774531037, "tapping_103": 1542.055757918544, "tapping_104": 1542.303757698511, "tapping_105": 1542.5997821532064, "tapping_106": 1542.9684069256803, "tapping_107": 1543.1917598339596, "tapping_108": 1543.4003236318988, "tapping_109": 1543.6557735042163, "tapping_110": 1543.8875423228576, "tapping_111": 1544.1362166591794, "tapping_112": 1544.3917790163255, "tapping_113": 1544.6487994448398, "tapping_114": 1544.920801159969, "tapping_115": 1545.1608906823774, "tapping_116": 1545.3923386195327, "tapping_117": 1545.6477634560417, "tapping_118": 1545.8966687565103, "tapping_119": 1546.1519722927653, "tapping_120": 1546.4077927655683, "tapping_121": 1546.6477772081055, "tapping_122": 1546.8797614757445, "tapping_123": 1547.1277601978604, "tapping_124": 1547.367755571525, "tapping_125": 1547.5837483047937, "tapping_126": 1547.8394129208748, "tapping_127": 1548.0797707848337, "tapping_128": 1548.335753461465, "tapping_129": 1548.8647019081518, "tapping_130": 1549.1367131439404, "tapping_131": 1549.3842460589758, "tapping_132": 1549.6397562288032, "tapping_133": 1549.8957769880724, "tapping_134": 1550.1437626633588, "tapping_135": 1550.4317721332413, "tapping_136": 1550.7677622007252, "tapping_137": 1551.063776429527, "tapping_138": 1551.3439186611272, "tapping_139": 1551.5914445238225, "tapping_140": 1551.8558099648158, "tapping_141": 1552.1197522653881, "tapping_142": 1552.4077783082705, "tapping_143": 1552.663746527604, "tapping_144": 1552.9195246863649, "tapping_145": 1553.1917760543424, "tapping_146": 1553.4317622599647, "tapping_147": 1553.7197530411454, "tapping_148": 1554.023756513718, "tapping_149": 1554.3197654532644, "tapping_150": 1554.5837648777936, "tapping_151": 1554.8477650075565, "tapping_152": 1555.1597527872611, "tapping_153": 1555.4237740740452, "tapping_154": 1555.6557541102802, "tapping_155": 1555.919093435752, "tapping_156": 1556.199827358708, "tapping_157": 1556.4476966703785, "tapping_158": 1556.7357689060902, "tapping_159": 1557.048593093361, "tapping_160": 1557.4644272900184, "tapping_161": 1557.816848957911, "tapping_162": 1558.1043936785643, "tapping_163": 1558.472915134252, "tapping_164": 1558.7367308453147, "tapping_165": 1559.0404356512731, "tapping_166": 1559.576650476844, "tapping_167": 1559.976120070326, "tapping_168": 1560.2646976062242, "tapping_169": 1560.504714842144, "tapping_170": 1560.7037738483705, "tapping_171": 1560.9287283431443, "tapping_172": 1561.1761681672872, "tapping_173": 1561.4237557379604, "tapping_174": 1561.6236063693916, "tapping_175": 1561.8565712649572, "tapping_176": 1562.2805801819363, "tapping_177": 1562.5288832125384, "tapping_178": 1562.823771535203, "tapping_179": 1563.0966392777275, "tapping_180": 1563.3447226279277, "tapping_181": 1563.5924456035357, "tapping_182": 1563.831751963548,