{"experiment_start": 0.0, "timestamp_start": "2018-04-19 11:12:40.622547", "epoch_start": 1524132760.6225471, "breathing_begin": 58.12777042375397, "breathing_end": 418.1445616935208, "pvt_begin": 450.6461132083988, "pvt_0": "0.3613555726535651", "pvt_begin_0": 460.6583476084456, "pvt_end_0": 461.01970318109915, "pvt_1": "0.2271668139430858", "pvt_begin_1": 468.03284098594537, "pvt_end_1": 468.26000779988846, "pvt_2": "0.21992688133519778", "pvt_begin_2": 472.27551483847674, "pvt_end_2": 472.49544171981194, "pvt_3": "0.20098500037727263", "pvt_begin_3": 475.50937079724594, "pvt_end_3": 475.7103557976232, "pvt_4": "0.27044103220873694", "pvt_begin_4": 480.7157360280796, "pvt_end_4": 480.98617706028836, "pvt_end": 480.9900487951429, "pvt_errors": 0, "signature_begin": 507.07188767878563, "signature_begin_0": 509.51733253688906, "signature_end_0": 520.4298376762821, "signature_begin_1": 522.1418966141009, "signature_end_1": 530.6800166294186, "signature_begin_2": 532.5458881682181, "signature_end_2": 540.3376893288922, "signature_begin_3": 542.0239871252475, "signature_end_3": 550.965733736069, "signature_begin_4": 552.3537453921771, "signature_end_4": 561.3597649172866, "signature_end": 561.3614814569289, "transcription_begin": 586.7999882225917, "transcription_end": 734.9236358481744, "drawing_begin_0": 802.1949189298215, "drawing_end_0": 831.1018908029724, "drawing_begin_1": 831.102060764375, "drawing_end_1": 859.4759173155408, "drawing_begin_2": 859.4761172493897, "drawing_end_2": 919.1657624390942, "drawing_end": 919.1659701305176, "tma_begin": 1000.0659559553136, "tma_end": 1028.8717034716556, "tmb_begin": 1096.481633237398, "tmb_end": 1170.679245808618, "tapping_begin": 1211.9678258128351, "tapping_0": 1212.2622691328231, "tapping_1": 1212.4012302102515, "tapping_2": 1212.5495716055852, "tapping_3": 1212.719683222976, "tapping_4": 1212.8833789737294, "tapping_5": 1213.0455549451362, "tapping_6": 1213.209851555288, "tapping_7": 1213.3631461618695, "tapping_8": 1213.5174943881002, "tapping_9": 1213.6901797571034, "tapping_10": 1214.004217299532, "tapping_11": 1214.1506034335025, "tapping_12": 1214.3160111398768, "tapping_13": 1214.4701019556844, "tapping_14": 1214.6228182703571, "tapping_15": 1214.794168631331, "tapping_16": 1214.9448827865772, "tapping_17": 1215.240478106362, "tapping_18": 1215.3741615648862, "tapping_19": 1215.5439939095988, "tapping_20": 1215.6858259947855, "tapping_21": 1215.803540133811, "tapping_22": 1215.9680930965346, "tapping_23": 1216.1103282229724, "tapping_24": 1216.2760423535353, "tapping_25": 1216.5567459514277, "tapping_26": 1216.8758033497206, "tapping_27": 1217.0296007881695, "tapping_28": 1217.1835540833404, "tapping_29": 1217.319853254902, "tapping_30": 1217.476283684622, "tapping_31": 1217.6244589973405, "tapping_32": 1217.784455795578, "tapping_33": 1217.9462364833082, "tapping_34": 1218.0999098005668, "tapping_35": 1218.25996266491, "tapping_36": 1218.3993895494189, "tapping_37": 1218.5458440910909, "tapping_38": 1218.6912220930076, "tapping_39": 1218.8381935712275, "tapping_40": 1218.9926965963289, "tapping_41": 1219.1698933474568, "tapping_42": 1219.3271675897006, "tapping_43": 1219.4776980314803, "tapping_44": 1219.632090687455, "tapping_45": 1219.7920211936932, "tapping_46": 1219.9472030065538, "tapping_47": 1220.1187293234195, "tapping_48": 1220.263840746871, "tapping_49": 1220.4227546582472, "tapping_50": 1220.586518816702, "tapping_51": 1220.7387421727838, "tapping_52": 1220.8938876660914, "tapping_53": 1221.0663935530326, "tapping_54": 1221.1831824250037, "tapping_55": 1221.3415956202145, "tapping_56": 1221.5151519532515, "tapping_57": 1221.6746106579199, "tapping_58": 1221.8218931443494, "tapping_59": 1221.986173534118, "tapping_60": 1222.1380862346075, "tapping_61": 1222.3058529488303, "tapping_62": 1222.4460023456083, "tapping_63": 1222.6178082877693, "tapping_64": 1222.9432819053168, "tapping_65": 1223.0977976246306, "tapping_66": 1223.2459122872222, "tapping_67": 1223.4078058123978, "tapping_68": 1223.5691809905577, "tapping_69": 1223.723843045934, "tapping_70": 1223.8933869499263, "tapping_71": 1224.0620313279064, "tapping_72": 1224.2278184501918, "tapping_73": 1224.3938516991557, "tapping_74": 1224.5498406523698, "tapping_75": 1224.7076223105018, "tapping_76": 1224.8771711511324, "tapping_77": 1225.0356263077683, "tapping_78": 1225.2121354557116, "tapping_79": 1225.3702863038613, "tapping_80": 1225.5565632958126, "tapping_81": 1225.7166133392197, "tapping_82": 1225.875933112783, "tapping_83": 1226.041962835577, "tapping_84": 1226.2168668708555, "tapping_85": 1226.3980474890495, "tapping_86": 1226.5896881384572, "tapping_87": 1226.7448294003607, "tapping_88": 1226.927846447983, "tapping_89": 1227.1021968745438, "tapping_90": 1227.285573238907, "tapping_91": 1227.4401570133057, "tapping_92": 1227.6207307776122, "tapping_93": 1227.7958513197398, "tapping_94": 1227.9742145279622, "tapping_95": 1228.1078549672102, "tapping_96": 1228.285927266393, "tapping_97": 1228.4491864772783, "tapping_98": 1228.6084579423105, "tapping_99": 1228.779520567798, "tapping_100": 1228.9400388866047, "tapping_101": 1229.1115087847477, "tapping_102": 1229.3159406164732, "tapping_103": 1229.464283422275, "tapping_104": 1229.6163854781028, "tapping_105": 1229.7558677234833, "tapping_106": 1229.9038998736926, "tapping_107": 1230.069787844445, "tapping_108": 1230.1959235357049, "tapping_109": 1230.343532192876, "tapping_110": 1230.633141838785, "tapping_111": 1230.8277571653541, "tapping_112": 1230.9905533900953, "tapping_113": 1231.1302532001757, "tapping_114": 1231.2915162461238, "tapping_115": 1231.4677418899848, "tapping_116": 1231.622677576167, "tapping_117": 1231.7708676988002, "tapping_118": 1231.917995738976, "tapping_119": 1232.1848132787106, "tapping_120": 1232.3415892731082, "tapping_121": 1232.5194750378887, "tapping_122": 1232.677796905292, "tapping_123": 1232.8378289652312, "tapping_124": 1232.9897205086995, "tapping_125": 1233.160406891829, "tapping_126": 1233.3236026316513, "tapping_127": 1233.4594835994299, "tapping_128": 1233.6173132134766, "tapping_129": 1233.8032111421335, "tapping_130": 1234.0058664893238, "tapping_131": 1234.1498562380418, "tapping_132": 1234.3115434822623, "tapping_133": 1234.4576284812997, "tapping_134": 1234.617822745067, "tapping_135": 1234.7616386535954, "tapping_136": 1234.924741302525, "tapping_137": 1235.079337065902, "tapping_138": 1235.250508650048, "tapping_139": 1235.5901140998146, "tapping_140": 1235.759796934912, "tapping_141": 1235.9238213247256, "tapping_142": 1236.1068605872201, "tapping_143": 1236.2955942619337, "tapping_144": 1236.49377243085, "tapping_145": 1236.6537329095347, "tapping_146": 1236.820272869153, "tapping_147": 1236.999523614409, "tapping_148": 1237.1775236271033, "tapping_149": 1237.332031236226, "tapping_150": 1237.5058573212814, "tapping_151": 1237.6740849059465, "tapping_152": 1237.84574274896, "tapping_153": 1238.0345398947368, "tapping_154": 1238.2131714445097, "tapping_155": 1238.3757077905088, "tapping_156": 1238.5738295407023, "tapping_157": 1238.7561325388638, "tapping_158": 1238.943845387311, "tapping_159": 1239.1117415119795, "tapping_160": 1239.262527953714, "tapping_161": 1239.4409031509151, "tapping_162": 1239.6178135770247, "tapping_163": 1239.7597881194863, "tapping_164": 1239.9378463139885, "tapping_165": 1240.1136689165983, "tapping_166": 1240.3218296732862, "tapping_167": 1240.4798754415647, "tapping_168": 1240.6718796391176, "tapping_169": 1240.847338693582, "tapping_170": 1241.037552301919, "tapping_171": 1241.2152603477227, "tapping_172": 1241.3863758657628, "tapping_173": 1241.5678777180601, "tapping_174": 1241.895194817376, "tapping_175": 1242.079637142984, "tapping_176": 1242.24555191263, "tapping_177": 1242.4380642313056, "tapping_178": 1242.627810974711, "tapping_179": 1242.7753547503507, "tapping_180": 1242.9333299952257, "tapping_181": 1243.0911849976974, "tapping_182": 1243.253138115149, "tapping_183": 1243.424721908589,