{"experiment_start": 3.526170177204156e-07, "timestamp_start": "2018-04-23 10:56:55.350003", "epoch_start": 1524477415.3500035, "breathing_begin": 7.066536010307701, "breathing_end": 327.0785933966116, "pvt_begin": 346.0304678734161, "pvt_0": "0.3857231716631304", "pvt_begin_0": 353.0414631772627, "pvt_end_0": 353.42718634892583, "pvt_1": "0.33041237149751623", "pvt_begin_1": 356.43221114142835, "pvt_end_1": 356.76262351292587, "pvt_2": "0.259268362002274", "pvt_begin_2": 366.7814342203532, "pvt_end_2": 367.0407025823555, "pvt_3": "0.1985611109975025", "pvt_begin_3": 371.05188124705126, "pvt_end_3": 371.25044235804876, "pvt_4": "0.1989200751215776", "pvt_begin_4": 376.26165416874414, "pvt_end_4": 376.4605742438657, "pvt_end": 376.4651187719901, "pvt_errors": 0, "signature_begin": 385.6824560339471, "signature_begin_0": 386.90847190594434, "signature_end_0": 396.7222026715676, "signature_begin_1": 398.2304951659733, "signature_end_1": 405.6904410463134, "signature_begin_2": 406.8124761542742, "signature_end_2": 413.7624563724595, "signature_begin_3": 416.12247094259465, "signature_end_3": 423.51446505530095, "signature_begin_4": 425.1804690370523, "signature_end_4": 432.56260891458135, "signature_end": 432.5642651567136, "transcription_begin": 447.30013843744115, "transcription_end": 534.7164853392422, "drawing_begin_0": 562.6221620500871, "drawing_end_0": 584.8944596108942, "drawing_begin_1": 584.8946595447433, "drawing_end_1": 607.842420744036, "drawing_begin_2": 607.8425917632896, "drawing_end_2": 631.972359762449, "drawing_end": 631.9725505282555, "tma_begin": 662.717853140654, "tma_end": 684.7662378373575, "tmb_begin": 727.6684102402803, "tmb_end": 776.9663628048286, "tapping_begin": 777.1070679260266, "tapping_0": 780.998585653142, "tapping_1": 781.3092331355622, "tapping_2": 781.4672203694157, "tapping_3": 781.617224001371, "tapping_4": 781.7692943216671, "tapping_5": 781.9388890025099, "tapping_6": 782.0946018565991, "tapping_7": 782.2506133773023, "tapping_8": 782.4031865294658, "tapping_9": 782.5884049651297, "tapping_10": 782.7784084137242, "tapping_11": 782.9323793397458, "tapping_12": 783.103275530001, "tapping_13": 783.2743801169137, "tapping_14": 783.4486378051988, "tapping_15": 783.7448378631691, "tapping_16": 783.9012795766339, "tapping_17": 784.0824425639771, "tapping_18": 784.2543401865626, "tapping_19": 784.4263633408065, "tapping_20": 784.5824496163174, "tapping_21": 784.7363962117648, "tapping_22": 784.9043808433048, "tapping_23": 785.0807443604198, "tapping_24": 785.2506927161313, "tapping_25": 785.4172164553668, "tapping_26": 785.6012158940005, "tapping_27": 785.8810196132638, "tapping_28": 786.2250750897939, "tapping_29": 786.3903921735948, "tapping_30": 786.5424074856361, "tapping_31": 786.6951618829466, "tapping_32": 786.867035880192, "tapping_33": 787.0311808650259, "tapping_34": 787.1864018183754, "tapping_35": 787.3443946941012, "tapping_36": 787.5352863849632, "tapping_37": 787.6904089581648, "tapping_38": 787.8592888843127, "tapping_39": 788.0090202959303, "tapping_40": 788.3448897683941, "tapping_41": 788.5172077104647, "tapping_42": 788.6565996858888, "tapping_43": 788.8071861937743, "tapping_44": 788.9543769997792, "tapping_45": 789.1106089061185, "tapping_46": 789.2763720504468, "tapping_47": 789.4403812777289, "tapping_48": 789.6163759574433, "tapping_49": 789.7663767684625, "tapping_50": 789.9223928731869, "tapping_51": 790.0931226282098, "tapping_52": 790.2556635582301, "tapping_53": 790.4342475047057, "tapping_54": 790.5731595683685, "tapping_55": 790.7103928224101, "tapping_56": 790.8992107725909, "tapping_57": 791.032117063208, "tapping_58": 791.1791372025764, "tapping_59": 791.3409051960939, "tapping_60": 791.512378973024, "tapping_61": 791.6693013034841, "tapping_62": 791.8189449134643, "tapping_63": 791.9732501204187, "tapping_64": 792.124965002761, "tapping_65": 792.2772694607569, "tapping_66": 792.432345135895, "tapping_67": 792.6031947807039, "tapping_68": 792.7606336950948, "tapping_69": 792.9143828250124, "tapping_70": 793.0889462322519, "tapping_71": 793.2426512850421, "tapping_72": 793.4051361489567, "tapping_73": 793.5670088697285, "tapping_74": 793.7423420399176, "tapping_75": 793.9043787276026, "tapping_76": 794.0809531096942, "tapping_77": 794.2451890697188, "tapping_78": 794.396546751022, "tapping_79": 794.5516590983301, "tapping_80": 794.7043849336621, "tapping_81": 794.8800823572307, "tapping_82": 795.0382942081244, "tapping_83": 795.2003760307877, "tapping_84": 795.354659375487, "tapping_85": 795.5143765484295, "tapping_86": 795.6717833746718, "tapping_87": 795.827238465721, "tapping_88": 796.0012369804982, "tapping_89": 796.1703718487498, "tapping_90": 796.3464106055915, "tapping_91": 796.5164079750685, "tapping_92": 796.6796654228689, "tapping_93": 796.8364050977137, "tapping_94": 796.9980461491048, "tapping_95": 797.172385644538, "tapping_96": 797.3443819998886, "tapping_97": 797.5083862905325, "tapping_98": 797.6812659515124, "tapping_99": 797.8583886530664, "tapping_100": 798.0263757529254, "tapping_101": 798.1985487694019, "tapping_102": 798.3623781620049, "tapping_103": 798.5306801488608, "tapping_104": 798.6983862129567, "tapping_105": 798.8762934873753, "tapping_106": 799.064393861925, "tapping_107": 799.2363821070842, "tapping_108": 799.3722034825868, "tapping_109": 799.5476255122644, "tapping_110": 799.7423374558964, "tapping_111": 799.8963764370025, "tapping_112": 800.0723757007381, "tapping_113": 800.2603787529911, "tapping_114": 800.4123746710965, "tapping_115": 800.5802873687647, "tapping_116": 800.7603836896293, "tapping_117": 800.9061428705423, "tapping_118": 801.0732159870914, "tapping_119": 801.237055605588, "tapping_120": 801.4128552880916, "tapping_121": 801.5743803284839, "tapping_122": 801.7403888942565, "tapping_123": 801.8942854180874, "tapping_124": 802.0882741442161, "tapping_125": 802.2544628972847, "tapping_126": 802.410395079159, "tapping_127": 802.5673011892361, "tapping_128": 802.7383712196811, "tapping_129": 802.9023832678994, "tapping_130": 803.0583782156027, "tapping_131": 803.2103847122187, "tapping_132": 803.3732281876402, "tapping_133": 803.5623684297752, "tapping_134": 803.7144045462206, "tapping_135": 803.8803774976745, "tapping_136": 804.0321265838675, "tapping_137": 804.1843767388426, "tapping_138": 804.3623838038773, "tapping_139": 804.526405372755, "tapping_140": 804.70840053626, "tapping_141": 804.8623774567709, "tapping_142": 805.0281596424181, "tapping_143": 805.1971904886497, "tapping_144": 805.3876650335798, "tapping_145": 805.5563813454314, "tapping_146": 805.7232213821318, "tapping_147": 805.8823867094414, "tapping_148": 806.0463137769584, "tapping_149": 806.1923744454216, "tapping_150": 806.3672294669348, "tapping_151": 806.5364003021223, "tapping_152": 806.7063775724293, "tapping_153": 806.8763777628425, "tapping_154": 807.0316262203194, "tapping_155": 807.2292250394755, "tapping_156": 807.410376390457, "tapping_157": 807.5783754792947, "tapping_158": 807.7523704679016, "tapping_159": 807.9143817671613, "tapping_160": 808.0941586170078, "tapping_161": 808.2632148516645, "tapping_162": 808.4385441430666, "tapping_163": 808.6003801916685, "tapping_164": 808.7961482232687, "tapping_165": 808.9483691110313, "tapping_166": 809.1227473943366, "tapping_167": 809.2670492091153, "tapping_168": 809.4492065764484, "tapping_169": 809.6123860958878, "tapping_170": 809.7636482179794, "tapping_171": 809.9513240416399, "tapping_172": 810.1103895783335, "tapping_173": 810.2903829350289, "tapping_174": 810.476420852642, "tapping_175": 810.6443677541611, "tapping_176": 810.8063797586548, "tapping_177": 810.9783782297075, "tapping_178": 811.2465695653431, "tapping_179": 811.4151815025575, "tapping_180": 811.8165629855096, "tapping_181": 812.001233806945, "tapping_182": 812.1682882347922, "tapping_183": 812.3420942206776, "tapping_184": 812.5264085463082, "tapping_185": 812.6624009410643, "tapping_186": 812.866398701241, "tapping_187": 813.02656440303,