{"experiment_start": 0.0, "timestamp_start": "2018-04-23 10:25:26.062337", "epoch_start": 1524475526.0623379, "breathing_begin": 22.77183492727979, "breathing_end": 342.81589230794185, "pvt_begin": 366.5458328073463, "pvt_0": "0.32988062503483206", "pvt_begin_0": 370.5560396595412, "pvt_end_0": 370.88592028457606, "pvt_1": "0.22597849459333474", "pvt_begin_1": 375.9005750478325, "pvt_end_1": 376.1265535424258, "pvt_2": "0.2682897157836237", "pvt_begin_2": 386.1395686365499, "pvt_end_2": 386.4078583523335, "pvt_3": "0.28654046738682837", "pvt_begin_3": 393.42129729211285, "pvt_end_3": 393.7078377594997, "pvt_4": "0.29347115487007613", "pvt_begin_4": 396.73441203580614, "pvt_end_4": 397.0278831906762, "pvt_end": 397.03290128345543, "pvt_errors": 0, "signature_begin": 412.09383491458556, "signature_begin_0": 414.1458413406781, "signature_end_0": 425.00784854958044, "signature_begin_1": 438.6398475566109, "signature_end_1": 448.3558187802413, "signature_begin_2": 449.5418563452375, "signature_end_2": 459.0678720761878, "signature_begin_3": 460.0631530026397, "signature_end_3": 469.5558425466283, "signature_begin_4": 471.0098387200284, "signature_end_4": 480.51773839907645, "signature_end": 480.5193597321239, "transcription_begin": 495.2858380542875, "transcription_end": 583.3893181021588, "drawing_begin_0": 619.1298536850946, "drawing_end_0": 637.257791249315, "drawing_begin_1": 637.2579626211857, "drawing_end_1": 653.8537799486448, "drawing_begin_2": 653.8539463838772, "drawing_end_2": 672.1837751742104, "drawing_end": 672.1839253890599, "tma_begin": 737.7557760430587, "tma_end": 769.8657699850984, "tmb_begin": 814.5297679286359, "tmb_end": 870.3996540121822, "tapping_begin": 890.2093825746543, "tapping_0": 890.6260552945798, "tapping_1": 890.763463094045, "tapping_2": 891.0497412143707, "tapping_3": 891.175746789951, "tapping_4": 891.2954581517649, "tapping_5": 891.4557349279145, "tapping_6": 891.5915644136085, "tapping_7": 891.7297423286404, "tapping_8": 891.8657364864818, "tapping_9": 892.0057455416868, "tapping_10": 892.1517378024485, "tapping_11": 892.2837512667767, "tapping_12": 892.4157435740838, "tapping_13": 892.5497334567963, "tapping_14": 892.6717403553956, "tapping_15": 892.9337601879872, "tapping_16": 893.0757964384271, "tapping_17": 893.2217269912106, "tapping_18": 893.3456598839608, "tapping_19": 893.4917674504873, "tapping_20": 893.6157401889604, "tapping_21": 893.7517392834399, "tapping_22": 893.8937512033056, "tapping_23": 894.0337577901914, "tapping_24": 894.1703831324944, "tapping_25": 894.329744867483, "tapping_26": 894.4697013827524, "tapping_27": 894.6117563218942, "tapping_28": 894.7496422700356, "tapping_29": 894.90973639057, "tapping_30": 895.0719236457214, "tapping_31": 895.2286537999067, "tapping_32": 895.3786140599689, "tapping_33": 895.5162087464536, "tapping_34": 895.6637345386254, "tapping_35": 895.8017439027228, "tapping_36": 895.945733651441, "tapping_37": 896.08373455273, "tapping_38": 896.3756556031902, "tapping_39": 896.5357430240012, "tapping_40": 896.679746172166, "tapping_41": 896.8236706867358, "tapping_42": 896.9674203032647, "tapping_43": 897.1057657113802, "tapping_44": 897.2334864161346, "tapping_45": 897.375432749235, "tapping_46": 897.5176015836736, "tapping_47": 897.663769095093, "tapping_48": 897.8099115707043, "tapping_49": 897.9557490325952, "tapping_50": 898.1281505448991, "tapping_51": 898.2797423639022, "tapping_52": 898.4337425571363, "tapping_53": 898.5937347713525, "tapping_54": 898.7577404724644, "tapping_55": 898.9250537212026, "tapping_56": 899.0957316415239, "tapping_57": 899.2657364159584, "tapping_58": 899.4217581625551, "tapping_59": 899.5797563275361, "tapping_60": 899.7497071515668, "tapping_61": 899.9253266467744, "tapping_62": 900.1017328305485, "tapping_63": 900.275739455517, "tapping_64": 900.4597611090228, "tapping_65": 900.6357385105034, "tapping_66": 900.8037471200005, "tapping_67": 900.9937452793397, "tapping_68": 901.1577471016644, "tapping_69": 901.3313492749136, "tapping_70": 901.4880349993547, "tapping_71": 901.6397445924417, "tapping_72": 901.784137735028, "tapping_73": 901.9140640592284, "tapping_74": 902.0477351761568, "tapping_75": 902.2474278351642, "tapping_76": 902.3777261703183, "tapping_77": 902.5514535226088, "tapping_78": 902.7074460019929, "tapping_79": 902.8657375443328, "tapping_80": 903.0377409520237, "tapping_81": 903.1935324397077, "tapping_82": 903.3457402806408, "tapping_83": 903.5017726057481, "tapping_84": 903.6774876601675, "tapping_85": 903.8630104043177, "tapping_86": 904.0317461101054, "tapping_87": 904.1897340491929, "tapping_88": 904.3537330505815, "tapping_89": 904.5097364610933, "tapping_90": 904.6817363426139, "tapping_91": 904.8374477862351, "tapping_92": 904.9777481030967, "tapping_93": 905.1357543782692, "tapping_94": 905.2937359702504, "tapping_95": 905.4337347995619, "tapping_96": 905.5717543895529, "tapping_97": 905.715744490888, "tapping_98": 905.8152519554377, "tapping_99": 905.9817499536308, "tapping_100": 906.1357363948013, "tapping_101": 906.2737330646862, "tapping_102": 906.4197263832989, "tapping_103": 906.5671273490465, "tapping_104": 906.7082986299419, "tapping_105": 906.8470918616698, "tapping_106": 906.9872356165755, "tapping_107": 907.1490113676674, "tapping_108": 907.2930169841512, "tapping_109": 907.4449906873846, "tapping_110": 907.5815560847946, "tapping_111": 907.7074396548867, "tapping_112": 907.8377587944448, "tapping_113": 907.9657048214735, "tapping_114": 908.0818995337697, "tapping_115": 908.2078099027552, "tapping_116": 908.3257398433957, "tapping_117": 908.4596870594492, "tapping_118": 908.5797341126639, "tapping_119": 908.7296097446418, "tapping_120": 908.873742303252, "tapping_121": 909.0077501694325, "tapping_122": 909.1497317642346, "tapping_123": 909.4432258392109, "tapping_124": 909.605743496508, "tapping_125": 909.7517495093334, "tapping_126": 909.8917959419423, "tapping_127": 910.0337345174682, "tapping_128": 910.1877551624895, "tapping_129": 910.3417408984259, "tapping_130": 910.5196083271214, "tapping_131": 910.6877576308086, "tapping_132": 910.8517457010696, "tapping_133": 911.0137425430316, "tapping_134": 911.1814285079575, "tapping_135": 911.3558455791347, "tapping_136": 911.5294463419158, "tapping_137": 911.7137514995038, "tapping_138": 911.8937557873268, "tapping_139": 912.0530388887204, "tapping_140": 912.2057432144144, "tapping_141": 912.3495298557302, "tapping_142": 912.4957449704472, "tapping_143": 912.6417358207408, "tapping_144": 912.7937405542716, "tapping_145": 912.9497584220811, "tapping_146": 913.1177522216635, "tapping_147": 913.2917168852069, "tapping_148": 913.4756775359687, "tapping_149": 913.6957366486855, "tapping_150": 913.8797396134894, "tapping_151": 914.0737431495329, "tapping_152": 914.2374790986263, "tapping_153": 914.3916993248795, "tapping_154": 914.5437326203887, "tapping_155": 914.6877399999577, "tapping_156": 914.8298058702271, "tapping_157": 914.9737409633074, "tapping_158": 915.1377336175897, "tapping_159": 915.3217397559467, "tapping_160": 915.4752670897601, "tapping_161": 915.643749969146, "tapping_162": 915.90719190617, "tapping_163": 916.0754628627283, "tapping_164": 916.2315791106857, "tapping_165": 916.3697316372925, "tapping_166": 916.512257320153, "tapping_167": 916.6534381217078, "tapping_168": 916.7977441678909, "tapping_169": 916.9650228601613, "tapping_170": 917.1257273607533, "tapping_171": 917.2877333707578, "tapping_172": 917.4597360732146, "tapping_173": 917.6257657960082, "tapping_174": 917.7837688976275, "tapping_175": 917.9257356825149, "tapping_176": 918.0514485859705, "tapping_177": 918.1574177573699, "tapping_178": 918.2935660088478, "tapping_179": 918.413996004144, "tapping_180": 918.54407536413, "tapping_181": 918.7024797439154, "tapping_182": 918.8437398842993, "tapping_183": 918.9857510989309, "tapping_184": 919.1517430917037, "tapping_185": 919.28065423151, "tapping_186": 919.3968101559343, "tapping_187": 919.5557632077994,